name,email,phone,source,status
Marcus Thompson,marcus.thompson@gmail.com,555-0201,zillow,under_contract
Jennifer Kim,jennifer.kim@yahoo.com,555-0202,referral,negotiating
Robert Chen,robert.chen@outlook.com,555-0203,past_client,qualified
Amanda Martinez,amanda.martinez@gmail.com,555-0204,website,new
David Okonkwo,david.okonkwo@hotmail.com,555-0205,cold_call,not_interested
Sarah Patel,sarah.patel@gmail.com,555-0206,facebook_ads,contacted
Michael O'Brien,michael.obrien@yahoo.com,555-0207,open_house,interested
Lisa Nguyen,lisa.nguyen@gmail.com,555-0208,instagram,browsing
Christopher Washington,chris.washington@outlook.com,555-0209,google_ads,unresponsive
Jessica Ramirez,jessica.ramirez@gmail.com,555-0210,referral,qualified
Anthony Davis,anthony.davis@yahoo.com,555-0211,zillow,viewing_scheduled
Michelle Goldstein,michelle.goldstein@gmail.com,555-0212,realtor_com,new
Daniel Rodriguez,daniel.rodriguez@outlook.com,555-0213,website,contacted
Emily Anderson,emily.anderson@gmail.com,555-0214,social_media,not_interested
Brandon Lee,brandon.lee@yahoo.com,555-0215,cold_call,disqualified
Ashley Johnson,ashley.johnson@gmail.com,555-0216,open_house,interested
Kevin Singh,kevin.singh@hotmail.com,555-0217,referral,offer_pending
Stephanie Brown,stephanie.brown@gmail.com,555-0218,facebook_ads,researching
Ryan Taylor,ryan.taylor@outlook.com,555-0219,zillow,qualified
Nicole Williams,nicole.williams@yahoo.com,555-0220,past_client,viewing_scheduled
James Martinez,james.martinez@gmail.com,555-0221,website,new
Brittany Jackson,brittany.jackson@outlook.com,555-0222,instagram,browsing
Jonathan White,jonathan.white@gmail.com,555-0223,cold_call,not_interested
Lauren Thomas,lauren.thomas@yahoo.com,555-0224,referral,interested
Matthew Garcia,matthew.garcia@hotmail.com,555-0225,google_ads,contacted
Samantha Moore,samantha.moore@gmail.com,555-0226,realtor_com,unresponsive
Eric Rodriguez,eric.rodriguez@outlook.com,555-0227,open_house,qualified
Rachel Cohen,rachel.cohen@gmail.com,555-0228,zillow,new
Timothy Harris,timothy.harris@yahoo.com,555-0229,website,lost
Angela Wilson,angela.wilson@gmail.com,555-0230,facebook_ads,contacted
Gregory Campbell,gregory.campbell@outlook.com,555-0231,cold_call,not_interested
Victoria Lewis,victoria.lewis@gmail.com,555-0232,referral,negotiating
Charles Robinson,charles.robinson@yahoo.com,555-0233,past_client,interested
Diana Walker,diana.walker@hotmail.com,555-0234,instagram,browsing
Jeffrey Hall,jeffrey.hall@gmail.com,555-0235,zillow,researching
Melissa Allen,melissa.allen@outlook.com,555-0236,realtor_com,new
Steven Young,steven.young@gmail.com,555-0237,website,contacted
Rebecca King,rebecca.king@yahoo.com,555-0238,open_house,qualified
Jason Wright,jason.wright@gmail.com,555-0239,google_ads,unresponsive
Kimberly Scott,kimberly.scott@hotmail.com,555-0240,social_media,not_interested
Andrew Green,andrew.green@gmail.com,555-0241,referral,viewing_scheduled
Christina Adams,christina.adams@outlook.com,555-0242,zillow,interested
Brian Baker,brian.baker@yahoo.com,555-0243,facebook_ads,contacted
Amy Nelson,amy.nelson@gmail.com,555-0244,cold_call,disqualified
Joseph Carter,joseph.carter@outlook.com,555-0245,website,new
Laura Mitchell,laura.mitchell@gmail.com,555-0246,past_client,qualified
Daniel Perez,daniel.perez@yahoo.com,555-0247,realtor_com,researching
Sarah Roberts,sarah.roberts@hotmail.com,555-0248,instagram,browsing
Joshua Turner,joshua.turner@gmail.com,555-0249,open_house,interested
Amanda Phillips,amanda.phillips@outlook.com,555-0250,zillow,new
Nicholas Campbell,nicholas.campbell@gmail.com,555-0251,cold_call,not_interested
Megan Parker,megan.parker@yahoo.com,555-0252,referral,viewing_scheduled
Tyler Evans,tyler.evans@gmail.com,555-0253,google_ads,contacted
Heather Edwards,heather.edwards@outlook.com,555-0254,website,unresponsive
Aaron Collins,aaron.collins@gmail.com,555-0255,facebook_ads,researching
Jennifer Stewart,jennifer.stewart@yahoo.com,555-0256,realtor_com,new
Brandon Morris,brandon.morris@hotmail.com,555-0257,zillow,qualified
Natalie Rogers,natalie.rogers@gmail.com,555-0258,open_house,interested
Justin Reed,justin.reed@outlook.com,555-0259,cold_call,lost
Rachel Cook,rachel.cook@gmail.com,555-0260,referral,under_evaluation
Adam Morgan,adam.morgan@yahoo.com,555-0261,past_client,negotiating
Kelly Bell,kelly.bell@gmail.com,555-0262,instagram,browsing
Sean Murphy,sean.murphy@outlook.com,555-0263,website,contacted
Monica Bailey,monica.bailey@gmail.com,555-0264,zillow,new
Patrick Rivera,patrick.rivera@yahoo.com,555-0265,facebook_ads,not_interested
Vanessa Cooper,vanessa.cooper@hotmail.com,555-0266,google_ads,unresponsive
Craig Richardson,craig.richardson@gmail.com,555-0267,realtor_com,researching
Tiffany Cox,tiffany.cox@outlook.com,555-0268,open_house,qualified
Dennis Howard,dennis.howard@gmail.com,555-0269,cold_call,disqualified
Alicia Ward,alicia.ward@yahoo.com,555-0270,referral,interested
Scott Torres,scott.torres@gmail.com,555-0271,zillow,viewing_scheduled
Catherine Peterson,catherine.peterson@outlook.com,555-0272,website,contacted
Donald Gray,donald.gray@gmail.com,555-0273,instagram,browsing
Shannon Ramirez,shannon.ramirez@yahoo.com,555-0274,past_client,qualified
Travis James,travis.james@hotmail.com,555-0275,facebook_ads,new
Veronica Watson,veronica.watson@gmail.com,555-0276,realtor_com,researching
Jordan Brooks,jordan.brooks@outlook.com,555-0277,open_house,interested
Alexis Kelly,alexis.kelly@gmail.com,555-0278,cold_call,not_interested
Marcus Sanders,marcus.sanders@yahoo.com,555-0279,zillow,contacted
Danielle Price,danielle.price@gmail.com,555-0280,referral,offer_pending
Kyle Bennett,kyle.bennett@outlook.com,555-0281,google_ads,unresponsive
Jasmine Wood,jasmine.wood@gmail.com,555-0282,website,new
Bradley Barnes,bradley.barnes@yahoo.com,555-0283,facebook_ads,browsing
Courtney Ross,courtney.ross@hotmail.com,555-0284,instagram,contacted
Wesley Henderson,wesley.henderson@gmail.com,555-0285,zillow,researching
Kristin Coleman,kristin.coleman@outlook.com,555-0286,realtor_com,qualified
Andre Jenkins,andre.jenkins@gmail.com,555-0287,open_house,interested
Miranda Perry,miranda.perry@yahoo.com,555-0288,cold_call,lost
Cameron Powell,cameron.powell@gmail.com,555-0289,past_client,viewing_scheduled
Bethany Long,bethany.long@outlook.com,555-0290,referral,negotiating
Lucas Patterson,lucas.patterson@gmail.com,555-0291,website,contacted
Adriana Hughes,adriana.hughes@yahoo.com,555-0292,zillow,new
Shane Flores,shane.flores@hotmail.com,555-0293,facebook_ads,not_interested
Cassandra Washington,cassandra.washington@gmail.com,555-0294,google_ads,unresponsive
Derrick Butler,derrick.butler@outlook.com,555-0295,realtor_com,researching
Erica Simmons,erica.simmons@gmail.com,555-0296,open_house,interested
Russell Foster,russell.foster@yahoo.com,555-0297,cold_call,disqualified
Marissa Gonzales,marissa.gonzales@gmail.com,555-0298,referral,qualified
Cody Bryant,cody.bryant@outlook.com,555-0299,zillow,contacted
Valerie Alexander,valerie.alexander@gmail.com,555-0300,instagram,browsing